memory_numbers_list,num_segments,segment_lengths,generation_probability,swapping_probability,AWT_mean,AWT_error,number_of_repetitions,AWT_ratio
"[3, 3, 3, 3, 7, 7, 3, 3]",4.0,"[40, 40, 80, 40]","[0.026347980814448734, 0.026347980814448734, 0.0006942160929985587, 0.026347980814448734]",1.0,1419.25322265625,13.858649064776099,10240,0.00976474729353687
"[3, 3, 3, 3, 7, 7, 3, 3]",4.0,"[40, 40, 80, 40]","[0.026347980814448734, 0.026347980814448734, 0.0006942160929985587, 0.026347980814448734]",0.9,1777.02978515625,17.593772646975992,10240,0.009900662776695672
"[3, 3, 3, 3, 7, 7, 3, 3]",4.0,"[40, 40, 80, 40]","[0.026347980814448734, 0.026347980814448734, 0.0006942160929985587, 0.026347980814448734]",0.8,2271.734375,22.625801969848037,10240,0.009959704012423564
"[3, 3, 3, 3, 7, 7, 3, 3]",4.0,"[40, 40, 80, 40]","[0.026347980814448734, 0.026347980814448734, 0.0006942160929985587, 0.026347980814448734]",0.7000000000000001,2913.9732421875,28.89326583317495,10240,0.009915419062491106
"[3, 3, 3, 3, 7, 7, 3, 3]",4.0,"[40, 40, 80, 40]","[0.026347980814448734, 0.026347980814448734, 0.0006942160929985587, 0.026347980814448734]",0.6,4022.0537109375,39.65739856512105,10240,0.00985998731376397
"[3, 3, 3, 3, 7, 7, 3, 3]",4.0,"[40, 40, 80, 40]","[0.026347980814448734, 0.026347980814448734, 0.0006942160929985587, 0.026347980814448734]",0.5,5796.53037109375,57.002899594884646,10240,0.00983396893409682
"[3, 3, 3, 3, 7, 7, 3, 3]",4.0,"[40, 40, 80, 40]","[0.026347980814448734, 0.026347980814448734, 0.0006942160929985587, 0.026347980814448734]",0.4,8992.18310546875,88.6183872999085,10240,0.009855047018116627
"[3, 3, 3, 3, 7, 7, 3, 3]",4.0,"[40, 40, 80, 40]","[0.026347980814448734, 0.026347980814448734, 0.0006942160929985587, 0.026347980814448734]",0.30000000000000004,16106.04716796875,159.44457363041732,10240,0.009899671345028479
"[3, 3, 3, 3, 7, 7, 3, 3]",4.0,"[40, 40, 80, 40]","[0.026347980814448734, 0.026347980814448734, 0.0006942160929985587, 0.026347980814448734]",0.2,35592.37080078125,352.67117390070126,10240,0.009908617098722745
