memory_numbers_list,num_segments,segment_lengths,generation_probability,swapping_probability,AWT_mean,AWT_error,number_of_repetitions,AWT_ratio
"[3, 3, 3, 3, 7, 7, 3, 3]",4.0,"[30, 30, 110, 30]","[0.06539740322986021, 0.06539740322986021, 4.5399929762484854e-05, 0.06539740322986021]",1.0,22399.35361328125,223.11128790817983,10240,0.00996061278196396
"[3, 3, 3, 3, 7, 7, 3, 3]",4.0,"[30, 30, 110, 30]","[0.06539740322986021, 0.06539740322986021, 4.5399929762484854e-05, 0.06539740322986021]",0.9,27090.8416015625,269.13705346658196,10240,0.009934613971204908
"[3, 3, 3, 3, 7, 7, 3, 3]",4.0,"[30, 30, 110, 30]","[0.06539740322986021, 0.06539740322986021, 4.5399929762484854e-05, 0.06539740322986021]",0.8,34545.69775390625,337.0848365652845,10240,0.009757650256960541
"[3, 3, 3, 3, 7, 7, 3, 3]",4.0,"[30, 30, 110, 30]","[0.06539740322986021, 0.06539740322986021, 4.5399929762484854e-05, 0.06539740322986021]",0.7000000000000001,45347.503515625,446.8670277603277,10240,0.009854280679560552
"[3, 3, 3, 3, 7, 7, 3, 3]",4.0,"[30, 30, 110, 30]","[0.06539740322986021, 0.06539740322986021, 4.5399929762484854e-05, 0.06539740322986021]",0.6,60103.51884765625,587.6901100424675,10240,0.009777965106037791
