memory_numbers_list,num_segments,segment_lengths,generation_probability,swapping_probability,AWT_mean,AWT_error,number_of_repetitions,AWT_ratio
"[4, 4, 4, 4, 4, 4, 4, 4]",4.0,"[40, 40, 80, 40]","[0.026347980814448734, 0.026347980814448734, 0.0006942160929985587, 0.026347980814448734]",1.0,1423.3056640625,14.085591188763804,10240,0.00989639228200618
"[4, 4, 4, 4, 4, 4, 4, 4]",4.0,"[40, 40, 80, 40]","[0.026347980814448734, 0.026347980814448734, 0.0006942160929985587, 0.026347980814448734]",0.9,1785.97177734375,17.69285649731481,10240,0.009906571157372453
"[4, 4, 4, 4, 4, 4, 4, 4]",4.0,"[40, 40, 80, 40]","[0.026347980814448734, 0.026347980814448734, 0.0006942160929985587, 0.026347980814448734]",0.8,2284.46513671875,22.72418591204189,10240,0.009947267544945494
"[4, 4, 4, 4, 4, 4, 4, 4]",4.0,"[40, 40, 80, 40]","[0.026347980814448734, 0.026347980814448734, 0.0006942160929985587, 0.026347980814448734]",0.7000000000000001,2891.218359375,28.422262244399416,10240,0.00983054847871937
"[4, 4, 4, 4, 4, 4, 4, 4]",4.0,"[40, 40, 80, 40]","[0.026347980814448734, 0.026347980814448734, 0.0006942160929985587, 0.026347980814448734]",0.6,4024.3482421875,39.70745466244908,10240,0.009866803833274988
"[4, 4, 4, 4, 4, 4, 4, 4]",4.0,"[40, 40, 80, 40]","[0.026347980814448734, 0.026347980814448734, 0.0006942160929985587, 0.026347980814448734]",0.5,5819.54609375,58.0977367007579,10240,0.009983207584377233
"[4, 4, 4, 4, 4, 4, 4, 4]",4.0,"[40, 40, 80, 40]","[0.026347980814448734, 0.026347980814448734, 0.0006942160929985587, 0.026347980814448734]",0.4,9048.0841796875,89.28642241630632,10240,0.009867992012800888
"[4, 4, 4, 4, 4, 4, 4, 4]",4.0,"[40, 40, 80, 40]","[0.026347980814448734, 0.026347980814448734, 0.0006942160929985587, 0.026347980814448734]",0.30000000000000004,16111.75458984375,159.84876154736176,10240,0.009921251013103469
"[4, 4, 4, 4, 4, 4, 4, 4]",4.0,"[40, 40, 80, 40]","[0.026347980814448734, 0.026347980814448734, 0.0006942160929985587, 0.026347980814448734]",0.2,35672.06650390625,354.2182553629059,10240,0.009929849601623651
