memory_numbers_list,num_segments,segment_lengths,generation_probability,swapping_probability,AWT_mean,AWT_error,number_of_repetitions,AWT_ratio
"[4, 4, 4, 4, 4, 4, 4, 4]",4.0,"[30, 30, 110, 30]","[0.06539740322986021, 0.06539740322986021, 4.5399929762484854e-05, 0.06539740322986021]",1.0,22395.80791015625,223.49960461851194,10240,0.00997952855798327
"[4, 4, 4, 4, 4, 4, 4, 4]",4.0,"[30, 30, 110, 30]","[0.06539740322986021, 0.06539740322986021, 4.5399929762484854e-05, 0.06539740322986021]",0.9,27102.8865234375,269.14908352725024,10240,0.009930642748863697
"[4, 4, 4, 4, 4, 4, 4, 4]",4.0,"[30, 30, 110, 30]","[0.06539740322986021, 0.06539740322986021, 4.5399929762484854e-05, 0.06539740322986021]",0.8,34523.36474609375,336.850434191604,10240,0.009757172763113072
"[4, 4, 4, 4, 4, 4, 4, 4]",4.0,"[30, 30, 110, 30]","[0.06539740322986021, 0.06539740322986021, 4.5399929762484854e-05, 0.06539740322986021]",0.7000000000000001,45253.82744140625,446.68869398533536,10240,0.009870738437841507
"[4, 4, 4, 4, 4, 4, 4, 4]",4.0,"[30, 30, 110, 30]","[0.06539740322986021, 0.06539740322986021, 4.5399929762484854e-05, 0.06539740322986021]",0.6,60041.4939453125,587.7627536901152,10240,0.009789275966808326
