memory_numbers_list,num_segments,segment_lengths,generation_probability,swapping_probability,AWT_mean,AWT_error,number_of_repetitions,AWT_ratio
"[2, 2, 2, 2, 2, 2, 2, 2]",4.0,"[25, 25, 25, 25]","[0.32098411714875263, 0.32098411714875263, 0.32098411714875263, 0.32098411714875263]",1.0,5.80546875,0.057796232499350404,2560,0.009955480769636458
"[2, 2, 2, 2, 2, 2, 2, 2]",4.0,"[25, 25, 25, 25]","[0.32098411714875263, 0.32098411714875263, 0.32098411714875263, 0.32098411714875263]",0.88,7.2953125,0.05930412300292678,5120,0.008129072332806412
"[2, 2, 2, 2, 2, 2, 2, 2]",4.0,"[25, 25, 25, 25]","[0.32098411714875263, 0.32098411714875263, 0.32098411714875263, 0.32098411714875263]",0.76,9.59296875,0.08492763264096048,5120,0.008853112613439972
"[2, 2, 2, 2, 2, 2, 2, 2]",4.0,"[25, 25, 25, 25]","[0.32098411714875263, 0.32098411714875263, 0.32098411714875263, 0.32098411714875263]",0.64,12.7537109375,0.08867592852408505,10240,0.006952951102517887
"[2, 2, 2, 2, 2, 2, 2, 2]",4.0,"[25, 25, 25, 25]","[0.32098411714875263, 0.32098411714875263, 0.32098411714875263, 0.32098411714875263]",0.52,18.908984375,0.1431391126448578,10240,0.007569899567641787
"[2, 2, 2, 2, 2, 2, 2, 2]",4.0,"[25, 25, 25, 25]","[0.32098411714875263, 0.32098411714875263, 0.32098411714875263, 0.32098411714875263]",0.4,31.0662109375,0.25235741613579304,10240,0.008123211956665516
