memory_numbers_list,num_segments,segment_lengths,generation_probability,swapping_probability,AWT_mean,AWT_error,number_of_repetitions,AWT_ratio
"[2, 2, 2, 2, 2, 2, 2, 2]",4.0,"[25, 25, 100, 25]","[0.32098411714875263, 0.32098411714875263, 0.010615346461976673, 0.32098411714875263]",1.0,93.59609375,0.9160723051705523,10240,0.009787505743748546
"[2, 2, 2, 2, 2, 2, 2, 2]",4.0,"[25, 25, 100, 25]","[0.32098411714875263, 0.32098411714875263, 0.010615346461976673, 0.32098411714875263]",0.88,121.7029296875,1.1934244670873118,10240,0.009806045508942972
"[2, 2, 2, 2, 2, 2, 2, 2]",4.0,"[25, 25, 100, 25]","[0.32098411714875263, 0.32098411714875263, 0.010615346461976673, 0.32098411714875263]",0.76,162.6994140625,1.5996559247648185,10240,0.009831971024495026
"[2, 2, 2, 2, 2, 2, 2, 2]",4.0,"[25, 25, 100, 25]","[0.32098411714875263, 0.32098411714875263, 0.010615346461976673, 0.32098411714875263]",0.64,229.47275390625,2.2786627106654,10240,0.009929992436471725
"[2, 2, 2, 2, 2, 2, 2, 2]",4.0,"[25, 25, 100, 25]","[0.32098411714875263, 0.32098411714875263, 0.010615346461976673, 0.32098411714875263]",0.52,344.64306640625,3.443672962157066,10240,0.009991998382749463
"[2, 2, 2, 2, 2, 2, 2, 2]",4.0,"[25, 25, 100, 25]","[0.32098411714875263, 0.32098411714875263, 0.010615346461976673, 0.32098411714875263]",0.4,585.4859375,5.836378757154634,10240,0.009968435419774081
